fasta_name,accession
D/swine/Ohio/18TOSU0287/2018|USA|2018-05-26,PX498801.1
D/swine/Georgia/20TOSU0209/2020|USA|2020-01-25,PX498808.1
D/bovine/Mexico/USL0008_MX/2024|Mexico|2024-02-14,PX485344.1
D/bovine/Mexico/USL0009_MX/2024|Mexico|2024-02-14,PX485351.1
D/bovine/Kentucky/USL0010_KY/2024|USA|2024-05-06,PX485358.1
D/bovine/Mexico/USL0010_MX/2024|Mexico|2024-02-14,PX485365.1
D/bovine/Kentucky/USL0011_KY/2024|USA|2024-05-06,PX485370.1
D/bovine/Mexico/USL0026_MX/2024|Mexico|2024-02-15,PX485378.1
D/bovine/Mexico/USL0033_MX/2024|Mexico|2024-02-15,PX485385.1
D/bovine/Kentucky/USL0097_KY/2024|USA|2024-08-14,PX485391.1
D/bovine/Texas/USL152_TX/2024|USA|2024-12-17,PX485398.1
D/bovine/Texas/USL160_TX/2024|USA|2024-12-17,PX485405.1
D/bovine/Texas/USL166_TX/2024|USA|2024-12-17,PX485412.1
D/bovine/Texas/USL173_TX/2024|USA|2024-12-17,PX485419.1
D/bovine/Texas/USL179_TX/2024|USA|2024-12-17,PX485426.1
D/bovine/Texas/USL180_TX/2024|USA|2024-12-17,PX485433.1
D/bovine/Texas/USL181_TX/2024|USA|2024-12-17,PX485440.1
D/bovine/Texas/USL186_TX/2024|USA|2024-12-17,PX485447.1
D/bovine/Texas/USL189_TX/2024|USA|2024-12-17,PX485454.1
D/bovine/Texas/USL194_TX/2024|USA|2024-12-17,PX485460.1
D/bovine/Texas/USL198_TX/2024|USA|2024-12-17,PX485467.1
D/bovine/Kentucky/USL0218_KY/2024|USA|2024-12-11,PX485474.1
D/bovine/Kentucky/USL0219_KY/2024|USA|2024-12-11,PX485481.1
D/bovine/Kentucky/USL0220_KY/2024|USA|2024-12-11,PX485488.1
D/bovine/Kentucky/USL0271_KY/2024|USA|2024-05-13,PX485495.1
D/bovine/Hebei/HBSJZ1/2024|China|2024,PX313700.1
D/swine/France/150445/2015|France|2015,PP417775.1
D/bovine/Nebraska/9-5/2012|USA|2012-01-31,PP417780.1
D/bovine/CHN/JY3002/2022|China|2022-10-20,OR685127.1
D/bovine/CHN/JY3097/2022|China|2022-11-14,OR685134.1
D/bovine/Sweden/SVA210121SZ0271-KN000300-F/2021|Sweden|2021-01-21,PQ596309.1
D/bovine/Sweden/SVA210122SZ0073-KN000334-F3/2021|Sweden|2021-01-20,PQ596316.1
D/bovine/Sweden/SVA210122SZ0094-KN000338-F3/2021|Sweden|2021-01-20,PQ596323.1
D/bovine/Sweden/SVA210226SZ0333-KN000388-F3/2021|Sweden|2021-02-25,PQ596330.1
D/bovine/Sweden/SVA210226SZ0333-KN001034-F3/2021|Sweden|2021-02-25,PQ596337.1
D/bovine/Sweden/SVA210407SZ0515-KN000384-F7/2021|Sweden|2021-04-06,PQ596344.1
D/bovine/Sweden/SVA210407SZ0515-KN002385-F7/2021|Sweden|2021-04-06,PQ596351.1
D/bovine/Sweden/SVA231027SZ0086-FB248425-F8/2023|Sweden|2023-01-25,PQ596358.1
D/bovine/Sweden/SVA231027SZ0086-FB248426-F8/2023|Sweden|2023-01-25,PQ596365.1
D/bovine/Sweden/SVA231027SZ0086-FB248428-F8/2023|Sweden|2023-10-25,PQ596372.1
D/bovine/Sweden/SVA231214SZ0296-FB004661-F9/2023|Sweden|2023-12-11,PQ596379.1
D/bovine/Sweden/SVA240126SZ0148-FB000265-_F10/2024|Sweden|2024-01-24,PQ596386.1
D/bovine/Sweden/SVA240126SZ0148-FB000267-_F10/2024|Sweden|2024-01-24,PQ596393.1
D/bovine/Sweden/SVA240130SZ0031-FB019676-_F11/2024|Sweden|2024-01-30,PQ596400.1
D/bovine/Sweden/SVA240214SZ0154-FB000557-_F12/2024|Sweden|2024-02-12,PQ596407.1
D/bovine/Sweden/SVA240301SZ0169-FB001897-_F13/2024|Sweden|2024-03-01,PQ596414.1
D/swine/France/29-220655/2022|France|2022-12-21,PP133483.1
D/bovine/South_Dakota/1923830/2019|USA|2019-11-21,OR126146.1
D/bovine/South_Dakota/9251/2020|USA|2020-02-03,OR126147.1
D/bovine/Jilin/HY11/2023|China|2023-10-17,OR880342.1
D/swine/Netherlands/PS-497/2021|Netherlands|2021-03-10,OP474072.1
D/bovine/China/JY3001/2021|China|2021-12-17,ON415264.1
D/bovine/France/O-EA13/2018|France|2018-02-28,ON038815.1
D/bovine/France/O-EA23D/2018|France|2018-02-28,ON038816.1
D/bovine/France/O-EB13D/2018|France|2018-02-28,ON038817.1
D/bovine/France/O-EB18D/2018|France|2018-02-28,ON038819.1
D/bovine/France/O-EB19/2018|France|2018-02-28,ON038820.1
D/bovine/France/O-EB20/2018|France|2018-02-28,ON038821.1
D/bovine/France/O-EB20D/2018|France|2018-02-28,ON038822.1
D/bovine/France/O-EB21D/2018|France|2018-02-28,ON038823.1
D/bovine/France/O-EB22D/2018|France|2018-02-28,ON038824.1
D/bovine/France/O-EB23D/2018|France|2018-02-28,ON038825.1
D/bovine/France/O-EB24D/2018|France|2018-02-28,ON038826.1
D/bovine/France/O-EB31/2018|France|2018-02-28,ON038827.1
D/bovine/France/O-EB32/2018|France|2018-02-28,ON038828.1
D/bovine/France/O-EB33/2018|France|2018-02-28,ON038829.1
D/bovine/France/O-EB37D/2018|France|2018-02-28,ON038831.1
D/bovine/France/O-EB38D/2018|France|2018-02-28,ON038832.1
D/bovine/France/O-EB39D/2018|France|2018-02-28,ON038833.1
D/bovine/France/O-EB45D/2018|France|2018-02-28,ON038834.1
D/bovine/France/O-EB8D/2018|France|2018-02-28,ON038835.1
D/bovine/France/O-EB34/2018|France|2018-02-28,ON038830.1
D/bovine/CHN/JLSL/2021|China|2021-12-06,OM763675.1
D/bovine/Denmark/5246407608-2/2019|Denmark|2019-03-01,OM468202.1
D/bovine/Denmark/3313408142-6/2020|Denmark|2020-01-08,OM468206.1
D/bovine/Denmark/1173303525-4/2019|Denmark|2019-04-05,OM468207.1
D/bovine/Denmark/5358904609-3/2019|Denmark|2019-03-12,OM468203.1
D/bovine/Denmark/6171103755-1/2019|Denmark|2019-02-06,OM468201.1
D/bovine/Denmark/5195604790-5/2019|Denmark|2019-02-20,OM468212.1
D/bovine/Denmark/5224403563-5/2019|Denmark|2019-04-24,OM468213.1
D/bovine/Denmark/3058506689-11/2019|Denmark|2019-10-09,OM468204.1
D/bovine/Denmark/5022903340-5/2019|Denmark|2019-01-15,OM468208.1
D/bovine/Denmark/5161205135-5/2019|Denmark|2019-01-15,OM468209.1
D/bovine/Denmark/5195604714-5/2019|Denmark|2019-01-15,OM468210.1
D/bovine/Denmark/4559602762-5/2019|Denmark|2019-01-15,OM468211.1
D/bovine/Denmark/3727003200-7/2020|Denmark|2020-03-12,OM468214.1
D/bovine/Denmark/5256205576-8/2020|Denmark|2020-03-06,OM468215.1
D/bovine/Denmark/1052304114-10/2020|Denmark|2020-01-16,OM468205.1
D/bovine/Denmark/5995505714-9/2020|Denmark|2020-02-11,OM468216.1
D/bovine/Namibia/255880/2020|Namibia|2020-11-10,OK513023.1
D/bovine/Italy/287448/2015|Italy|2015-10,MZ264978.1
D/bovine/California/0363/2019|USA|2019,MW020306.1
D/bovine/California/0894/2019|USA|2019,MW020313.1
D/bovine/California/1908/2019|USA|2019,MW020320.1
D/bovine/Michigan/0377/2019|USA|2019-02-01,MW632172.1
D/bovine/California/1490/2018|USA|2018-11-01,MW632179.1
D/bovine/Oklahoma/1544/2018|USA|2018-11-01,MW632186.1
D/bovine/Hokkaido/HKD1/2018|Japan|2018-11,LC565470.1
D/bovine/Hokkaido/HKD2/2019|Japan|2019-01,LC565471.1
D/bovine/Hokkaido/HKD3/2020|Japan|2020-01,LC565472.1
D/bovine/Utah/9/2019|USA|2019-01-09,MW079437.1
D/bovine/California/17/2019|USA|2019-01-16,MW079438.1
D/bovine/Kansas/25/2019|USA|2019-04-16,MW079439.1
D/bovine/Kansas/26/2019|USA|2019-04-16,MW079440.1
D/bovine/Kansas/27/2019|USA|2019-04-16,MW079441.1
D/bovine/Kansas/28/2019|USA|2019-04-16,MW079442.1
D/bovine/Kansas/33/2019|USA|2019-08-20,MW079443.1
D/bovine/Texas/72/2017|USA|2017,MT636471.1
D/bovine/Italy/17VIR1851/2016|Italy|2016-10-26,MK965363.1
D/bovine/Italy/16RS2359/2016|Italy|2016-12-16,MK965366.1
D/bovine/Italy/17RS393-6/2017|Italy|2017-02-17,MK965367.1
D/bovine/Italy/17RS395-6/2017|Italy|2017-02-08,MK965368.1
D/bovine/Italy/17RS396-10/2017|Italy|2017-02-08,MK965369.1
D/bovine/Italy/18RS182-13/2017|Italy|2017-12-19,MK965364.1
D/bovine/Italy/18RS182-16/2018|Italy|2018-01-19,MK965365.1
D/bovine/Italy/15RS1509-14/2015|Italy|2015-09-10,MK965371.1
D/swine/Italy/18VIR6833/2015|Italy|2015,MK965372.1
D/bovine/Quebec/5E-H/2018|Canada|2018,MT246271.1
D/bovine/Quebec/3E-H/2018|Canada|2018,MT246284.1
D/bovine/Quebec/3M-B/2020|Canada|2020-01,MT246291.1
D/bovine/Quebec/4Q-J20/2020|Canada|2020-01,MT246298.1
D/swine/Italy/73601-3/2017|Italy|2017-03,MK131023.1
D/bovine/Italy/31525/2018|Italy|2018-01,MK131034.1
D/bovine/Yamagata/1/2019|Japan|2019-01-07,LC494106.1
D/bovine/Italy/28145/2019|Italy|2019-01,MN123958.1
D/bovine/Italy/28300/2019|Italy|2019-01,MN123868.1
D/bovine/Italy/30787/2017|Italy|2017-02,MN123875.1
D/bovine/Italy/35490/2019|Italy|2019-01,MN123882.1
D/bovine/Italy/38955/2019|Italy|2019-01,MN123889.1
D/bovine/Italy/45097/2019|Italy|2019-02,MN123896.1
D/bovine/Italy/78668/2019|Italy|2019-03,MN123910.1
D/bovine/Italy/345075/2018|Italy|2018-04,MN123917.1
D/bovine/Italy/3907772/2018|Italy|2018-12,MN123924.1
D/bovine/Italy/56649-11/2018|Italy|2018-02,MN123938.1
D/bovine/Italy/776951/2018|Italy|2018-03,MN123945.1
D/swine/Italy/218655/2017|Italy|2017-08,MN123952.1
D/bovine/Italy/59542/2018|Italy|2018-03,MN165183.1
D/bovine/Italy/50543-3/2018|Italy|2018-02,MN165190.1
D/bovine/Italy/4128547/2018|Italy|2018-02,MN165197.1
D/bovine/Italy/40574/2018|Italy|2018-01,MN165204.1
D/bovine/Italy/37760/2019|Italy|2019-01,MN165211.1
D/bovine/Italy/3525/2018|Italy|2018-01,MN165218.1
D/bovine/Italy/20749/2018|Italy|2018-01,MN165225.1
D/bovine/Italy/14429/2018|Italy|2018-01,MN165232.1
D/bovine/Italy/12545-8/2018|Italy|2018-01,MN165238.1
D/bovine/Italy/12002-1/2018|Italy|2018-01,MN165245.1
D/bovine/Italy/108524/2018|Italy|2018-04,MN165252.1
D/bovine/France/5920/2014|France|2014-02-18,MG720241.1
D/bovine/Northern_Ireland/24280/2017|United_Kingdom|2017-12-01,MK101119.1
D/swine/Kentucky/17TOSU1262/2017|USA|2017-11-01,MK054182.1
D/swine/Oklahoma/1334/2011|USA|2011-03-21,NC_036615.1
D/bovine/Yamagata/10710/2016|Japan|2016-03,LC318666.1
D/swine/Italy/173287-4/2016|Italy|2016-05,KX768825.1
D/swine/Italy/254578/2015|Italy|2015-09,KX768832.1
D/swine/Italy/354017/2015|Italy|2015-12,KX768839.1
D/bovine/Miyazaki/B22/2016|Japan|2016-04-13,LC270266.1
D/bovine/Ibaraki/7768/2016|Japan|2016-02-04,LC128438.1
D/bovine/Mexico/S7/2015|Mexico|2015,KU710434.1
D/bovine/Mexico/S8/2015|Mexico|2015,KU710435.1
D/bovine/Mexico/S56/2015|Mexico|2015,KU710436.1
D/bovine/Italy/1/2014|Italy|2014-11,KT592521.1
D/bovine/Italy/46484/2015|Italy|2015,KT592524.2
D/swine/Italy/199724-3/2015|Italy|2015,KT592531.1
D/bovine/Mississippi/C00046N/2014|USA|2014-02-19,KT581410.1
D/bovine/Mississippi/C00013N/2014|USA|2014-02-07,MT511507.1
D/bovine/Mississippi/C00014N/2014|USA|2014-02-07,MT511445.1
D/bovine/Mississippi/C00030P/2014|USA|2014-02-19,MT511369.1
D/bovine/Shandong/Y125/2014|China|2014-04-02,KM015492.1
D/bovine/Shandong/Y127/2014|China|2014-04-02,KM015499.1
D/bovine/Shandong/Y217/2014|China|2014-04-02,KM015506.1
D/bovine/Kansas/1-35/2010|USA|2010-12-10,KM392476.1
D/bovine/Texas/3-13/2011|USA|2011-06-01,KM392483.1
D/bovine/Kansas/13-21/2012|USA|2012-10-17,KM392490.1
D/bovine/Kansas/14-22/2012|USA|2012-12-01,KM392497.1
D/bovine/Kansas/11-8/2012|USA|2012-04-19,KM392504.1
D/bovine/Minnesota/628/2013|USA|2013-02-18,KF425653.1
D/bovine/Oklahoma/660/2013|USA|2013-02-20,KF425660.1
D/bovine/Minnesota/729/2013|USA|2013-02-26,KF425667.1
D/swine/Northern_Ireland/2156-02/2023|United_Kingdom|2023-01-24,PQ776814.1
D/swine/Northern_Ireland/2156-07/2023|United_Kingdom|2023-01-24,PQ776815.1
D/swine/Northern_Ireland/2170-22/2023|United_Kingdom|2023-02-24,PQ776812.1
D/swine/Northern_Ireland/2170-23/2023|United_Kingdom|2023-02-24,PQ776813.1
D/swine/Northern_Ireland/2155-15/2023|United_Kingdom|2023-01-13,PQ776810.1
D/swine/Northern_Ireland/2155-27/2023|United_Kingdom|2023-01-13,PQ776811.1
D/swine/Northern_Ireland/2163-09/2023|United_Kingdom|2023-01-31,PQ776816.1
D/swine/Northern_Ireland/2163-17/2023|United_Kingdom|2023-01-31,PQ776817.1
D/swine/Northern_Ireland/2160-29/2023|United_Kingdom|2023-01-25,PQ776823.1
D/swine/Northern_Ireland/2160-28/2023|United_Kingdom|2023-01-25,PQ776818.1
D/swine/Northern_Ireland/2179-26/2023|United_Kingdom|2023-04-17,PQ776821.1
D/swine/Northern_Ireland/2179-28/2023|United_Kingdom|2023-04-17,PQ776822.1
D/swine/Northern_Ireland/2168-27/2023|United_Kingdom|2023-02-07,PQ776819.1
D/swine/Northern_Ireland/2168-29/2023|United_Kingdom|2023-02-07,PQ776820.1
IDV_NSW_L9|Australia|2019-04,OP020133.1
D/bovine/Italy/94269-2/2019|Italy|2019-03,MT349511.1
D/bovine/Italy/94269-1/2019|Italy|2019-03,MT349518.1
D/bovine/Italy/94243/2019|Italy|2019-03,MT349525.1
D/bovine/Italy/60797/2017|Italy|2017-03,MT349532.1
D/bovine/Italy/37431/2018|Italy|2018-02,MT349537.1
D/bovine/Italy/358240/2017|Italy|2017-12,MT349547.1
D/bovine/Italy/344278/2017|Italy|2017-12,MT349559.1
D/bovine/Italy/300771/2017|Italy|2017-11,MT349573.1
D/bovine/Italy/188812-1/2017|Italy|2017-07,MT349580.1
D/bovine/Italy/144539/2019|Italy|2019-04,MT349601.1
D/bovine/Italy/144136/2018|Italy|2018-05,MT349608.1
D/bovine/Italy/13882-2/2017|Italy|2017-01,MT349615.1
D/bovine/Italy/131159/2017|Italy|2017-05,MT349622.1
D/bovine/Italy/123836/2017|Italy|2017-05,MT349636.1
D/bovine/Italy/122566-2/2019|Italy|2019-04,MT349642.1
D/bovine/Italy/117140/2019|Italy|2019-04,MT349649.1
D/bovine/Mississippi/C00037P/2014|USA|2014-02-19,MT511334.1
D/bovine/Mississippi/C00075N/2014|USA|2014-04-02,MT511341.1
D/bovine/Mississippi/C00013P/2014|USA|2014-02-07,MT511348.1
D/bovine/Mississippi/C00180N/2015|USA|2015-07-24,MT511355.1
D/bovine/Mississippi/C00135N/2014|USA|2014-05-23,MT511362.1
D/bovine/Mississippi/C00196N/2015|USA|2015-07-24,MT511375.1
D/bovine/Mississippi/C00017N/2014|USA|2014-02-07,MT511382.1
D/bovine/Mississippi/C00040P/2014|USA|2014-02-19,MT511389.1
D/bovine/Mississippi/C00200N/2015|USA|2015-07-24,MT511396.1
D/bovine/Mississippi/C00185N/2015|USA|2015-07-24,MT511403.1
D/bovine/Mississippi/C00007N/2014|USA|2014-02-07,MT511410.1
D/bovine/Mississippi/C00002N/2014|USA|2014-02-07,MT511417.1
D/bovine/Mississippi/C00004N/2014|USA|2014-02-19,MT511424.1
D/bovine/Mississippi/C00213N/2015|USA|2015-07-24,MT511431.1
D/bovine/Mississippi/C00199N/2015|USA|2015-07-24,MT511438.1
D/bovine/Mississippi/C00158N/2015|USA|2015-01-09,MT511451.1
D/bovine/Mississippi/C00020N/2014|USA|2014-02-07,MT511458.1
D/bovine/Mississippi/C00218N/2015|USA|2015-07-24,MT511465.1
D/bovine/Mississippi/C00165P/2015|USA|2015-01-17,MT511472.1
D/bovine/Mississippi/C00067N/2014|USA|2014-04-02,MT511479.1
D/bovine/Mississippi/C00148N/2014|USA|2014-01-09,MT511486.1
D/bovine/Mississippi/C00162N/2015|USA|2015-01-09,MT511493.1
D/bovine/Mississippi/C00186N/2015|USA|2015-07-24,MT511500.1
D/bovine/Mississippi/C00207N/2015|USA|2015-07-24,MT511513.1
D/bovine/Mississippi/C00158P/2015|USA|2015-01-09,MT511520.1
D/bovine/Mississippi/C00009P/2014|USA|2014-02-07,MT511527.1
D/bovine/Mississippi/C00165N/2015|USA|2015-01-17,MT511534.1
D/bovine/Mississippi/C00214N/2015|USA|2015-07-24,MT511541.1
